date_key,location_key,disaster_key,description_key,costs_key,fatalities,injured,evacuated
1,2,0,1,1,1,7,0,15000
1,2,1,1,1,1,7,0,15000
3,4,2,2,2,1,64,0,0
3,4,3,3,3,1,16,0,0
5,6,4,2,4,1,32,0,0
7,8,-1,4,5,1,2,0,0
9,10,5,2,6,1,125,0,0
11,12,2,2,7,1,16,0,0
13,14,6,5,8,1,70,23,0
15,16,-1,2,9,1,14,0,0
17,18,7,6,10,2,0,0,0
19,20,8,6,11,3,0,0,0
21,22,4,5,12,1,0,0,0
23,24,9,1,13,1,0,0,0
25,26,-1,4,14,1,0,0,0
27,28,10,7,15,1,0,0,0
29,30,4,5,16,1,15,0,0
31,32,11,8,17,1,126,0,0
33,34,12,9,18,1,75,0,0
35,36,13,5,19,1,33,0,0
37,38,5,10,20,1,100,0,6000
39,40,14,4,21,1,1,0,0
41,42,15,5,22,1,22,15,0
41,42,16,5,22,1,22,15,0
43,44,0,11,23,4,0,0,0
45,46,20,12,24,1,63,20,0
47,48,4,13,25,1,62,0,0
49,50,-1,5,26,1,4,0,0
51,52,21,5,27,1,6,0,0
53,54,22,14,28,1,73,0,200
55,56,23,15,29,1,28,100,2500
57,58,24,16,30,1,3,0,0
59,60,24,6,31,1,270,0,0
59,60,25,6,31,1,270,0,0
59,60,24,6,31,1,270,0,0
61,62,26,6,32,1,173,0,0
61,62,0,11,33,4,0,0,0
63,64,21,7,34,1,77,0,0
65,66,27,8,35,1,1024,0,0
67,68,28,2,36,1,189,48,0
69,70,6,4,37,1,0,0,2000
69,70,18,4,37,1,0,0,2000
69,70,3,2,38,1,22,0,0
71,72,3,3,39,1,19,0,0
73,74,-1,5,40,1,56,22,0
73,74,-1,5,40,1,56,22,0
75,76,-1,4,41,1,0,0,0
77,78,0,10,42,1,7,0,0
79,80,29,4,43,1,0,0,0
81,82,22,14,44,1,233,0,8000
81,82,24,14,44,1,233,0,8000
83,84,12,9,45,1,13,0,0
85,86,5,2,46,1,34,0,0
85,86,0,11,47,4,0,0,0
87,88,10,2,48,1,65,0,0
89,90,-1,4,49,1,0,0,0
91,92,10,8,50,1,1963,9000,6000
91,92,30,8,50,1,1963,9000,6000
93,94,31,17,51,1,50000,2000000,0
93,95,0,11,52,4,0,0,0
96,97,10,2,53,1,88,11,0
98,99,24,1,54,1,0,0,0
100,101,4,8,55,1,343,0,0
100,101,4,8,55,1,343,0,0
102,103,0,11,56,4,0,0,0
104,105,0,11,57,4,0,0,0
106,107,24,4,58,1,0,0,0
108,109,-1,15,59,1,4,13,
110,111,19,4,60,5,0,0,148
110,111,-1,4,60,5,0,0,148
110,112,14,4,61,6,0,0,0
110,112,-1,4,61,6,0,0,0
110,112,32,4,61,6,0,0,0
113,114,27,6,62,7,0,0,0
115,116,10,18,63,6,0,0,500
117,118,21,14,64,6,0,0,500
119,120,8,19,65,6,0,0,0
121,122,26,14,66,6,0,0,1000
121,122,14,14,67,6,0,0,1000
121,122,14,14,67,6,0,0,1000
123,124,-1,4,68,6,0,0,50
125,126,18,4,69,8,1,0,0
125,126,6,4,69,8,1,0,0
127,128,27,10,70,6,0,0,0
127,128,33,10,70,6,0,0,0
129,130,29,7,71,6,2,0,0
131,132,27,6,72,9,0,0,0
133,134,29,15,73,6,0,0,0
135,136,27,4,74,10,2,0,0
137,138,34,20,75,6,0,0,300
139,140,35,4,76,6,0,0,0
141,142,7,15,77,11,27,600,1700
139,140,36,4,78,6,0,0,0
139,140,24,14,79,6,0,0,500
143,144,37,21,80,6,0,0,0
145,146,-1,4,81,12,0,0,0
145,146,19,4,81,12,0,0,0
147,148,21,21,82,6,0,0,0
149,150,38,20,83,6,0,0,0
151,152,39,22,84,6,0,0,0
153,154,40,4,85,6,0,0,0
153,154,41,4,85,6,0,0,0
153,154,6,4,85,6,0,0,0
153,154,42,4,85,6,0,0,0
155,156,43,23,86,6,0,0,0
155,156,44,23,86,6,0,0,0
155,156,-1,23,86,6,0,0,0
157,158,14,4,87,6,0,0,0
157,158,8,4,87,6,0,0,0
159,158,45,4,88,6,0,0,0
160,161,24,24,89,6,14,0,0
160,161,19,24,89,6,14,0,0
162,163,24,18,90,6,0,0,500
160,164,-1,4,91,13,0,0,2800
165,166,8,6,92,14,0,0,0
167,168,27,25,93,15,0,0,0
169,170,46,18,94,16,0,0,5000
171,172,0,11,95,4,0,0,0
171,172,24,18,96,6,0,0,200
171,172,39,20,97,6,0,0,250
171,172,47,4,98,6,0,0,1000
171,172,24,4,98,6,0,0,1000
171,172,48,18,99,6,0,0,100
173,174,9,26,100,6,13,100,0
175,176,49,27,101,6,24,45,0
177,178,18,15,102,6,0,0,0
179,180,4,4,103,17,0,0,125
181,182,19,14,104,18,0,0,25000
183,184,21,14,105,6,0,0,300
185,186,10,28,106,6,1,0,0
187,188,0,29,107,6,1,0,0
189,190,50,29,108,6,1,1,0
191,192,51,29,109,6,2,1,0
193,194,-1,4,110,19,0,0,28
195,196,52,6,111,6,39,0,0
197,198,53,20,112,6,0,0,840
199,200,21,25,113,6,0,0,0
201,202,26,4,114,20,0,0,0
203,204,0,11,115,21,0,0,0
205,206,8,6,116,22,0,0,0
207,208,54,14,117,23,0,0,210
209,210,24,18,118,6,0,0,0
211,212,29,4,119,24,0,0,0
213,214,-1,26,120,25,7,0,0
215,216,6,13,121,6,4,0,0
217,218,24,30,122,1,0,0,1700
219,220,55,21,123,1,0,0,0
221,222,56,21,124,1,2,12,0
223,224,57,18,125,26,0,0,0
225,226,39,31,126,27,0,0,0
227,228,21,18,127,1,0,0,150
229,230,6,4,128,28,1,0,221
231,232,32,4,129,29,0,0,0
231,232,10,28,130,30,6,0,0
231,232,58,28,130,30,6,0,0
233,234,59,15,131,31,0,6,0
235,236,-1,5,132,32,7,0,0
235,236,60,5,132,32,7,0,0
237,238,61,32,133,1,1,0,10000
239,240,-1,33,134,33,0,0,309
241,242,21,6,135,34,8,2,0
243,244,8,4,136,35,0,0,2065
243,244,18,4,136,35,0,0,2065
245,246,0,11,137,36,0,0,0
247,248,22,22,138,26,0,0,0
249,250,-1,13,139,26,9,0,0
251,252,21,5,140,37,0,0,0
253,254,21,4,141,38,0,0,1000
255,256,62,18,142,6,0,0,1500
257,258,54,4,143,39,0,0,0
259,260,63,14,144,1,0,0,4035
259,260,-1,14,144,1,0,0,4035
261,262,64,6,145,40,0,0,0
263,264,65,20,146,6,0,0,400
265,266,0,27,147,4,261,0,0
267,268,39,18,148,6,0,0,5000
267,268,-1,21,149,6,1,0,0
269,270,6,20,150,6,4,0,0
271,272,14,28,151,41,2,0,0
273,274,21,15,152,42,0,15,0
275,276,-1,4,153,43,0,0,0
277,278,8,6,154,44,0,0,0
279,280,24,10,155,6,0,1,1300
281,282,-1,27,156,6,18,0,0
283,284,66,22,157,1,0,0,0
285,286,67,23,158,45,0,0,0
287,288,-1,6,159,4,0,0,0
283,289,-1,34,160,1,,,
290,291,18,18,161,6,0,0,200
292,293,24,23,162,46,0,0,0
294,295,-1,21,163,6,0,0,170
296,297,0,11,164,47,0,0,0
296,297,40,4,165,48,0,0,0
298,299,24,22,166,6,0,0,0
300,301,-1,7,167,4,0,0,0
302,303,27,10,168,1,0,0,0
304,305,7,6,169,49,0,0,0
304,305,24,4,170,50,0,0,0
306,307,68,22,171,6,0,0,0
308,309,69,4,172,51,0,0,3800
310,311,70,4,173,52,0,0,40
310,311,-1,4,173,52,0,0,40
312,313,26,21,174,6,0,0,0
314,315,39,22,175,6,0,0,0
316,317,3,29,176,6,0,0,200
318,319,45,4,177,6,0,0,100
320,321,10,2,178,1,26,0,0
322,323,24,4,179,6,0,0,1000
324,325,24,20,180,6,0,0,800
296,297,0,26,181,53,0,0,0
296,297,24,26,181,53,0,0,0
326,327,9,4,182,54,0,0,0
326,327,8,6,183,55,0,0,0
328,329,19,20,184,6,0,0,410
330,331,71,4,185,56,0,0,0
332,333,72,35,186,6,9,0,0
334,335,26,6,187,57,0,0,0
334,335,-1,6,187,57,0,0,0
334,335,73,6,187,57,0,0,0
334,335,74,6,187,57,0,0,0
334,335,-1,6,187,57,0,0,0
336,337,75,10,188,6,0,0,600
338,339,58,17,189,1,0,0,0
338,339,14,17,189,1,0,0,0
338,339,0,11,190,4,0,0,0
340,341,24,7,191,58,33,0,0
342,343,-1,4,192,59,0,0,300
344,345,10,29,193,6,0,0,60
346,347,18,4,194,60,0,0,0
346,348,21,4,195,61,0,0,0
346,347,7,6,196,62,0,0,0
349,350,19,4,197,63,0,0,650
351,352,76,22,198,6,0,0,0
353,354,29,4,199,64,0,0,0
355,356,77,22,200,6,0,0,0
357,358,21,7,201,1,0,0,0
357,358,24,7,201,1,0,0,0
359,360,78,3,202,6,2,0,0
361,362,-1,26,203,65,0,0,0
363,364,27,7,204,6,6,0,0
363,364,21,7,204,6,6,0,0
365,366,59,4,205,66,0,0,0
367,368,59,6,206,67,0,0,0
369,370,79,4,207,68,0,0,0
369,370,-1,4,207,68,0,0,0
371,372,19,6,208,69,0,0,0
373,374,18,6,209,70,0,0,0
375,376,8,6,210,71,0,0,0
377,378,4,14,211,6,0,0,4169
379,380,21,4,212,72,0,0,0
381,382,7,6,213,73,0,0,0
383,384,10,2,214,6,0,0,500
385,386,-1,6,215,74,0,0,0
387,388,1,15,216,75,0,4,1000
387,388,80,6,217,76,0,0,0
389,390,19,6,218,77,0,0,0
391,392,59,6,219,78,0,0,0
393,394,40,20,220,6,0,0,200
395,396,27,2,221,6,2,0,0
397,398,-1,36,222,6,0,0,0
397,398,21,36,222,6,0,0,0
379,380,6,4,223,79,0,0,0
399,400,-1,20,224,6,0,0,0
401,402,81,13,225,80,2,0,69
403,404,18,14,226,81,0,0,3338
405,406,29,4,227,82,0,0,100
407,408,-1,4,228,83,0,0,802
409,410,-1,14,229,84,0,0,950
411,412,8,6,230,85,0,0,0
413,414,59,6,231,86,0,0,0
415,416,19,6,232,87,0,0,0
417,418,9,12,233,1,3,140,0
419,420,26,28,234,88,0,0,0
421,422,23,6,235,89,0,0,0
423,424,24,6,236,90,0,0,0
425,426,51,22,237,6,0,20,0
427,428,59,7,238,6,1,0,50
429,430,-1,4,239,91,0,0,230
431,432,-1,4,240,92,0,0,0
431,432,82,11,241,93,0,0,0
431,432,83,23,242,94,0,0,0
433,434,26,4,243,6,0,0,30
435,436,24,37,244,95,0,9,0
435,436,24,37,244,95,0,9,0
435,436,24,37,244,95,0,9,0
437,438,84,4,245,96,0,0,0
437,438,24,4,245,96,0,0,0
439,440,85,4,246,97,0,0,0
441,442,29,6,247,98,0,0,0
443,444,-1,4,248,99,0,0,285
443,444,-1,4,248,99,0,0,285
443,444,19,4,248,99,0,0,285
443,444,19,4,248,99,0,0,285
445,446,-1,4,249,100,0,0,922
441,447,8,6,250,101,0,0,0
448,449,8,6,251,102,0,0,0
450,451,0,4,252,103,0,0,0
452,453,4,4,253,6,0,0,0
454,455,-1,7,254,104,0,0,0
456,457,6,1,255,1,0,0,0
456,457,14,17,256,105,0,0,0
458,459,24,4,257,1,0,0,200
460,461,60,6,258,106,0,0,0
462,463,18,4,259,107,0,0,516
464,465,24,38,260,4,0,0,0
464,465,21,38,260,4,0,0,0
466,467,69,4,261,108,0,0,4000
468,469,19,4,262,109,0,0,25447
468,469,19,4,262,109,0,0,25447
468,469,19,4,262,109,0,0,25447
470,471,60,4,263,110,0,0,0
472,473,84,14,264,6,0,0,400
474,475,-1,14,265,6,0,0,1100
476,477,24,14,266,4,0,0,300
478,479,86,14,267,6,0,0,823
478,479,78,14,267,6,0,0,823
478,479,-1,14,267,6,0,0,823
480,481,-1,4,268,111,0,0,0
482,483,24,18,269,6,0,0,4000
484,485,4,5,270,1,0,,
486,487,87,39,271,6,43,0,0
488,489,6,17,272,112,0,0,0
490,491,24,40,273,113,35,945,17800
490,491,21,40,273,113,35,945,17800
490,491,14,40,273,113,35,945,17800
492,493,-1,6,274,114,21,0,0
494,495,14,4,275,115,0,0,0
496,497,88,13,276,116,9,25,
498,499,59,7,277,6,11,7,0
500,501,21,6,278,117,2,0,74
500,501,14,6,278,117,2,0,74
502,503,24,4,279,118,0,0,3757
502,503,21,4,279,118,0,0,3757
504,505,6,14,280,1,0,0,2030
506,507,27,27,281,6,12,0,0
508,509,89,14,282,6,0,0,1865
510,511,90,20,283,6,0,0,0
508,512,8,6,284,119,0,0,0
513,509,-1,14,285,120,0,0,5
514,515,4,14,286,121,0,0,10600
516,517,80,14,287,122,0,0,7000
518,519,-1,7,288,6,2,2,10
518,519,60,7,288,6,2,2,10
520,521,10,27,289,1,229,0,0
522,523,-1,23,290,123,0,0,0
522,523,60,23,290,123,0,0,0
524,525,91,7,291,6,0,30,0
526,527,60,23,292,1,3,0,0
528,529,9,7,293,124,2,0,0
530,531,92,2,294,6,0,15,1200
532,533,60,23,295,1,0,1,0
534,535,93,7,296,6,0,0,0
536,537,4,4,297,125,,,
538,539,-1,14,298,1,,,1107
540,541,94,4,299,126,0,0,0
540,542,-1,4,300,127,0,0,0
543,544,95,12,301,1,2,60,0
540,545,18,14,302,6,0,0,40
546,547,24,14,303,6,0,0,307
548,549,54,14,304,128,0,0,80
550,551,4,4,305,6,0,0,118
552,553,96,6,306,1,0,0,12
554,555,18,15,307,1,0,0,4
556,557,97,14,308,6,0,0,1000
558,559,6,4,309,129,0,0,350
560,561,98,15,310,130,1,4,200
562,563,31,41,311,1,0,2,0
564,565,8,2,312,1,2,5,2000
566,567,77,39,313,6,7,33,0
568,569,58,4,314,131,0,0,0
568,569,99,6,315,132,,,
568,569,-1,6,315,132,,,
570,571,-1,4,316,133,0,0,90
572,573,100,23,317,6,0,0,0
574,575,-1,42,318,1,0,0,170
576,577,4,13,319,6,1,4,0
578,579,21,20,320,1,2,0,1400
580,581,-1,7,321,134,0,0,216
582,583,4,5,322,4,0,0,0
584,585,59,6,323,4,0,1,0
586,587,6,15,324,135,12,140,1000
588,589,101,22,325,4,0,0,0
590,587,24,17,326,4,6,2300,0
591,592,102,4,327,136,0,0,36
593,587,19,4,328,137,0,0,0
594,595,24,43,329,4,0,0,0
594,595,-1,43,329,4,0,0,0
596,597,10,4,330,138,0,1,800
598,599,4,39,331,4,6,21,0
600,601,21,7,332,4,6,11,30
602,603,19,4,333,139,,,
604,605,-1,4,334,140,,,
606,607,24,6,335,141,0,0,0
606,607,103,6,335,141,0,0,0
606,607,104,6,335,141,0,0,0
606,607,105,6,335,141,0,0,0
606,607,106,6,335,141,0,0,0
606,607,107,6,335,141,0,0,0
606,607,108,6,335,141,0,0,0
606,607,109,6,335,141,0,0,0
608,609,21,4,336,142,0,0,
608,609,100,4,336,142,0,0,
610,611,21,44,337,4,24,,
610,611,29,44,337,4,24,,
610,611,110,44,337,4,24,,
612,613,-1,28,338,143,0,0,0
614,615,111,2,339,4,,,100
616,617,4,4,340,4,,,
618,619,21,10,341,4,0,0,1700
620,621,6,14,342,144,0,0,1254
620,621,6,14,342,144,0,0,1254
616,10,18,14,343,145,0,0,129
622,623,8,10,344,4,0,0,300
624,625,24,4,345,4,0,0,1200
626,627,-1,4,346,146,0,0,0
626,627,109,4,346,146,0,0,0
626,627,108,4,346,146,0,0,0
626,627,24,4,346,146,0,0,0
626,627,85,4,346,146,0,0,0
626,627,103,4,346,146,0,0,0
626,627,104,4,346,146,0,0,0
626,627,105,4,346,146,0,0,0
626,627,9,4,346,146,0,0,0
626,627,106,4,346,146,0,0,0
626,627,24,4,346,146,0,0,0
626,627,-1,4,346,146,0,0,0
626,627,24,4,346,146,0,0,0
628,629,8,4,347,147,0,0,350
628,629,19,4,348,148,0,0,150
630,631,112,1,349,4,0,0,2500
632,633,-1,14,350,4,0,0,600
632,633,-1,14,350,4,0,0,600
634,635,18,14,351,149,0,0,425
636,637,-1,14,352,4,0,0,103
636,638,18,14,353,4,0,0,480
636,638,18,14,353,4,0,0,480
636,638,-1,14,353,4,0,0,480
636,638,18,14,353,4,0,0,480
636,638,21,14,353,4,0,0,480
636,638,-1,14,353,4,0,0,480
636,638,-1,14,353,4,0,0,480
636,638,18,14,353,4,0,0,480
639,640,-1,14,354,4,0,0,628
639,640,-1,14,354,4,0,0,628
641,642,-1,14,355,150,0,0,912
641,642,-1,14,355,150,0,0,912
643,644,49,22,356,4,0,0,350
645,638,-1,14,357,4,0,0,985
645,638,-1,14,357,4,0,0,985
645,638,24,14,357,4,0,0,985
646,647,27,45,358,4,0,0,200
648,649,113,12,359,4,1,0,120
650,651,21,13,360,1,30,,2
652,653,-1,12,361,1,,2,300
654,655,97,4,362,151,,,1100
656,657,114,4,363,152,2,3,270
656,657,76,4,363,152,2,3,270
656,657,58,7,364,153,0,,
656,657,-1,4,365,154,0,,
658,659,19,14,366,155,0,,665
660,661,115,14,367,1,,,500
660,661,116,14,367,1,,,500
662,663,-1,14,368,156,,,48501
662,663,-1,14,368,156,,,48501
664,665,45,14,369,157,0,,100
666,667,-1,4,370,6,0,0,60
666,667,21,4,370,6,0,0,60
666,667,21,4,370,6,0,0,60
666,667,21,4,370,6,0,0,60
666,667,21,4,370,6,0,0,60
666,667,-1,4,370,6,0,0,60
668,669,24,46,371,1,,,
668,669,9,46,371,1,,,
668,669,117,46,371,1,,,
670,671,10,47,372,158,8,,
670,671,118,47,372,158,8,,
672,673,11,4,373,159,2,1,750
672,673,-1,4,373,159,2,1,750
674,675,10,7,374,160,0,0,
676,677,-1,4,375,161,,,1000
678,679,24,4,376,162,,,1700
680,681,82,15,377,4,0,0,0
682,683,7,6,378,163,0,0,30000
684,685,119,4,379,4,,,
686,687,120,20,380,4,,,150
688,689,121,28,381,4,1,,0
690,691,-1,48,382,4,20,,
692,693,58,43,383,164,0,,0
694,695,122,5,384,165,1,1,300
696,697,26,7,385,166,0,,0
698,699,24,4,386,4,0,,200
700,701,14,4,387,167,0,,120
702,703,45,4,388,168,0,,50
704,705,123,4,389,169,0,0,100
706,707,21,14,390,4,0,0,600
708,709,19,4,391,170,0,,1197
710,711,124,14,392,4,0,,850
710,711,-1,14,392,4,0,,850
712,713,-1,4,393,171,0,,2000
714,715,125,14,394,4,0,0,528
716,717,21,4,395,172,,,
718,719,126,4,396,173,,,200
720,721,127,22,397,4,,,4000
722,723,9,17,398,4,23,112,
724,725,24,42,399,4,,,1100
726,727,128,22,400,4,0,,250
728,729,129,43,401,4,0,0,0
730,731,18,4,402,174,0,0,1100
732,733,24,4,403,4,0,0,1100
734,735,4,4,404,4,0,0,159
736,737,21,14,405,4,0,0,3200
738,739,45,4,406,175,0,0,300
740,741,130,14,407,4,0,0,4000
742,743,6,14,408,4,0,0,130
744,745,4,14,409,4,0,0,871
746,747,60,1,410,4,0,0,120
748,749,131,18,411,4,0,0,1500
748,749,132,18,412,4,0,3,1000
750,751,57,6,413,4,0,0,600
752,753,-1,4,414,4,0,0,240
754,755,133,7,415,4,0,0,0
756,757,-1,49,416,4,0,0,0
756,757,134,49,416,4,0,0,0
758,759,100,50,417,4,0,0,0
760,761,135,6,418,4,0,0,0
762,763,136,4,419,4,0,0,120
764,765,-1,4,420,176,0,0,691
766,767,1,51,421,4,0,0,0
768,769,18,7,422,1,0,0,0
770,771,14,20,423,4,0,0,100
772,773,77,1,424,4,0,0,2000
772,773,18,6,425,4,0,0,600
774,775,137,14,426,4,0,0,1500
776,777,24,1,427,4,0,0,345
778,779,93,4,428,177,0,0,375
778,779,-1,4,428,177,0,0,375
780,781,138,14,429,4,0,0,600
782,783,30,22,430,4,0,0,1000
784,785,7,10,431,4,0,0,282
786,787,19,15,432,4,0,0,0
788,789,19,14,433,4,0,0,963
790,791,5,52,434,4,0,0,9
792,793,26,14,435,4,0,0,600
794,795,21,6,436,178,1,0,200
796,797,100,53,437,4,0,0,0
798,799,139,6,438,4,0,0,275
800,801,140,4,439,179,0,0,20
802,803,58,54,440,4,0,0,0
804,805,141,6,441,4,0,0,0
806,807,24,4,442,4,0,0,300
808,809,14,55,443,4,0,0,0
810,811,142,4,444,4,0,0,18
810,811,18,4,445,4,0,0,6
812,813,143,4,446,4,0,0,0
814,815,47,4,447,4,0,0,1900
816,817,12,4,448,4,0,0,290
818,819,14,4,449,180,0,0,1000
820,821,24,4,450,4,0,0,1200
822,823,6,14,451,4,0,0,150
824,825,19,14,452,4,0,0,0
826,827,19,14,453,4,0,0,3330
826,827,19,14,453,4,0,0,3330
828,829,6,4,454,4,0,0,0
830,831,144,6,455,4,0,0,0
824,832,21,56,456,4,0,0,0
824,832,21,56,456,4,0,0,0
833,832,10,14,457,4,0,0,5000
834,835,21,57,458,4,0,0,0
836,837,18,14,459,4,0,0,2500
838,839,29,58,460,4,0,0,0
840,841,18,14,461,4,0,0,1000
840,842,40,6,462,4,0,0,0
843,844,9,59,463,4,0,10,900
845,846,145,5,464,181,0,0,0
847,848,23,60,465,4,0,0,0
847,848,146,6,466,4,0,0,112
849,850,9,2,467,4,2,58,12000
851,852,6,18,468,4,0,3,250
853,854,141,28,469,182,0,0,0
855,856,147,61,470,4,0,0,0
857,858,14,4,471,183,0,0,0
405,406,-1,4,472,184,0,0,0
859,860,148,4,473,1,0,0,30
861,862,-1,4,474,83,0,0,0
861,862,-1,4,474,83,0,0,0
861,862,5,4,474,83,0,0,0
861,862,-1,4,474,83,0,0,0
656,657,58,4,475,185,0,0,0
863,864,26,4,476,186,0,0,0
865,866,10,6,477,187,0,0,0
865,866,149,6,477,187,0,0,0
790,791,-1,6,478,188,0,0,0
790,791,150,6,478,188,0,0,0
790,791,73,6,478,188,0,0,0
786,787,-1,6,479,189,0,0,0
786,787,19,6,479,189,0,0,0
786,787,29,6,479,189,0,0,0
786,787,-1,6,479,189,0,0,0
786,787,19,6,479,189,0,0,0
786,787,19,6,479,189,0,0,0
786,787,19,6,479,189,0,0,0
786,787,19,6,479,189,0,0,0
786,787,19,6,479,189,0,0,0
786,787,19,6,479,189,0,0,0
867,868,151,4,480,190,0,0,0
869,854,58,6,481,191,0,0,0
870,871,45,4,482,192,0,0,600
872,873,10,6,483,193,0,0,0
872,873,152,6,483,193,0,0,0
872,873,153,6,483,193,0,0,0
872,873,10,6,483,193,0,0,0
872,873,10,6,483,193,0,0,0
872,873,10,6,483,193,0,0,0
872,873,10,6,483,193,0,0,0
874,875,154,6,484,194,0,0,0
874,875,155,6,484,194,0,0,0
874,875,156,6,484,194,0,0,0
822,876,-1,23,485,195,0,0,0
877,878,157,6,486,196,0,0,0
877,878,4,6,486,196,0,0,0
879,880,4,5,487,4,0,0,0
881,663,31,17,488,1,44,375,0
37,882,31,17,489,4,22,57,0
883,884,-1,43,490,197,0,0,0
885,886,31,62,491,4,425,8582,0
887,888,-1,63,492,4,0,0,1200
887,888,158,63,492,4,0,0,1200
778,779,8,6,493,198,0,0,0
778,779,7,6,493,198,0,0,0
778,779,159,6,493,198,0,0,0
778,779,6,6,493,198,0,0,0
778,779,6,6,493,198,0,0,0
778,779,160,6,493,198,0,0,0
778,779,6,6,493,198,0,0,0
778,779,161,6,493,198,0,0,0
778,779,-1,6,493,198,0,0,0
778,779,6,6,493,198,0,0,0
889,890,54,4,494,199,0,0,28
889,890,54,4,494,199,0,0,28
891,892,21,14,495,4,0,0,1300
891,892,146,14,495,4,0,0,1300
889,893,125,14,496,200,1,0,20000
889,893,162,14,496,200,1,0,20000
889,893,163,14,496,200,1,0,20000
894,895,0,64,497,4,0,0,0
894,895,9,64,497,4,0,0,0
894,895,77,64,497,4,0,0,0
896,897,45,43,498,1,0,0,0
896,897,-1,43,498,1,0,0,0
898,899,12,6,499,4,0,0,700
898,899,12,6,499,4,0,0,700
900,901,9,65,500,4,1,0,0
900,901,77,65,500,4,1,0,0
900,901,164,65,500,4,1,0,0
900,901,165,65,500,4,1,0,0
902,903,8,66,501,4,2,77,0
904,905,166,4,502,4,0,0,0
906,907,24,6,503,4,0,0,0
906,907,9,6,503,4,0,0,0
908,909,27,67,504,4,0,0,0
908,909,21,67,504,4,0,0,0
908,909,146,67,504,4,0,0,0
908,909,167,67,504,4,0,0,0
910,911,141,4,505,201,0,0,0
910,911,168,4,505,201,0,0,0
910,911,169,4,505,201,0,0,0
912,913,170,68,506,4,0,0,0
912,913,171,68,506,4,0,0,0
914,915,172,69,507,202,0,0,0
914,915,173,69,507,202,0,0,0
916,917,29,70,508,203,0,0,0
916,917,111,70,508,203,0,0,0
912,918,19,14,509,204,0,0,200
919,920,10,71,510,4,0,0,0
921,922,10,72,511,4,0,0,0
921,922,14,72,511,4,0,0,0
790,791,26,28,512,4,0,0,0
923,924,14,73,513,4,0,0,0
923,924,10,73,513,4,0,0,0
925,926,-1,74,514,4,0,0,0
927,928,-1,75,515,4,0,0,0
929,930,10,4,516,205,0,0,126
931,932,7,6,517,206,0,0,0
933,934,10,6,518,207,0,0,100
935,936,6,6,519,208,0,0,0
937,938,14,43,520,209,0,0,0
937,938,174,43,520,209,0,0,0
939,940,18,15,521,210,0,0,85
941,942,24,7,522,4,1,1,625
943,944,14,76,523,211,0,0,132
943,944,10,76,523,211,0,0,132
912,913,175,15,524,212,0,20,0
604,945,31,11,525,4,0,0,0
946,947,176,77,526,213,0,0,0
948,949,177,6,527,214,0,0,45
950,951,26,28,528,215,1,0,300
950,951,21,28,528,215,1,0,300
952,953,4,14,529,216,2,0,1383
954,955,-1,78,530,217,58,31,4620
954,955,-1,78,530,217,58,31,4620
956,957,178,11,531,1,0,0,0
958,959,54,6,532,6,0,0,0
960,961,-1,4,533,218,2,0,40
877,878,100,6,534,219,0,0,0
877,878,4,6,534,219,0,0,0
877,878,-1,6,534,219,0,0,0
962,963,21,79,535,4,0,0,0
956,957,4,10,536,1,,,
956,957,4,10,536,1,,,
964,965,6,4,537,220,0,0,0
964,965,6,4,537,220,0,0,0
966,122,24,4,538,6,2,0,129
967,968,75,7,539,1,0,0,0
969,126,6,4,540,221,0,0,0
970,971,-1,4,541,6,0,0,300
972,973,-1,14,542,222,0,0,300
974,975,4,5,543,1,37,0,0
976,977,179,4,544,223,0,0,300
978,979,24,4,545,224,0,0,0
978,979,95,4,545,224,0,0,0
978,979,24,4,545,224,0,0,0
978,979,-1,4,545,224,0,0,0
980,981,180,2,546,1,18,0,0
982,983,82,6,547,6,0,0,0
409,408,8,4,548,225,0,0,0
984,985,181,17,549,4,10,21,0
984,985,181,17,549,4,10,21,0
986,987,182,80,550,4,0,0,0
988,989,-1,4,551,1,0,0,0
990,991,-1,4,552,226,10,0,15825
992,993,27,4,553,227,0,0,1000
992,993,183,4,553,227,0,0,1000
994,995,21,4,554,228,0,0,125
994,995,21,4,554,228,0,0,125
996,997,90,15,555,1,5,0,0
998,999,19,14,556,26,0,0,1050
998,999,-1,14,556,26,0,0,1050
710,1000,8,4,557,229,2,,7028
1001,1002,18,6,558,230,0,0,0
1003,1004,24,14,559,1,43,0,11000
1005,1006,-1,4,560,231,0,0,3000
1005,1006,-1,4,560,231,0,0,3000
1005,1006,-1,4,560,231,0,0,3000
1005,1006,19,4,560,231,0,0,3000
1005,1006,-1,4,560,231,0,0,3000
1005,1006,136,4,560,231,0,0,3000
1007,1008,18,11,561,4,0,0,0
1007,1008,6,11,561,4,0,0,0
1003,1009,-1,5,562,1,5,0,0
1010,1011,180,2,563,1,33,0,0
1010,1011,29,4,564,1,0,0,0
1012,1013,-1,4,565,1,2,0,0
1014,1015,4,35,566,4,9,0,0
1016,1017,0,11,567,4,0,0,0
1018,1019,54,4,568,1,0,0,0
1020,1021,18,11,569,1,0,0,0
1022,1023,31,17,570,1,,0,0
1024,1025,27,10,571,1,76,0,0
1026,1027,26,28,572,1,56,0,0
1028,1029,21,4,573,1,3,0,0
1028,1029,21,4,573,1,3,0,0
1028,1029,21,4,573,1,3,0,0
1030,1031,18,4,574,1,0,0,138
1032,1033,0,11,575,4,0,0,0
1034,1035,59,4,576,1,0,0,0
1036,1037,59,4,577,1,0,0,0
1038,1039,26,81,578,1,28,0,0
1040,1041,4,2,579,1,45,0,0
1040,1041,10,10,580,1,0,0,192
1042,1043,24,6,581,1,30,11,0
1042,1043,184,5,582,1,4,0,0
1044,1045,35,5,583,1,8,0,0
1046,1047,120,82,584,1,3,23,0
1048,1049,0,11,585,4,0,0,0
1050,1051,14,4,586,1,3,0,0
1050,1051,27,4,586,1,3,0,0
1052,1053,14,4,587,1,7,0,0
1054,1055,-1,78,588,1,0,0,0
1056,1057,-1,26,589,1,15,0,0
1058,1059,79,4,590,1,0,0,0
1060,1061,23,82,591,1,1,0,0
1062,1063,10,4,592,1,,,2
1064,1065,19,7,593,1,0,0,0
1066,1067,26,6,594,1,50,0,0
1068,1069,59,4,595,1,0,0,0
1070,1071,10,3,596,1,1,0,0
1072,1073,18,14,597,1,,,
1074,1075,31,16,598,1,1180,0,0
1076,1077,14,4,599,1,0,0,0
1078,1079,43,12,600,1,22,22,0
1080,1081,10,6,601,1,0,0,0
1082,1083,59,4,602,1,0,0,0
1084,1085,59,4,603,1,0,0,4000
1086,1087,-1,5,604,1,4,12,0
1088,1089,108,14,605,1,17,0,155
1088,1089,185,14,605,1,17,0,155
1090,1091,10,3,606,1,20,0,0
1090,1091,10,3,606,1,20,0,0
1092,1093,10,10,607,1,0,0,0
1094,1095,-1,6,608,1,69,0,0
1096,1097,0,7,609,4,76,0,0
1098,1099,24,14,610,1,0,0,0
1100,1101,26,4,611,1,2,0,0
1100,1101,75,4,611,1,2,0,0
1100,1101,26,4,611,1,2,0,0
1102,1103,24,28,612,1,0,0,0
1104,1105,26,7,613,1,203,0,0
1104,1105,4,7,613,1,203,0,0
1106,1107,118,28,614,1,0,0,0
1108,1109,75,83,615,1,99,100,0
1110,1111,24,12,616,1,36,155,0
1112,1113,186,12,617,1,12,2,0
1114,1115,21,27,618,1,24,0,0
1116,1117,4,30,619,1,1,0,0
1118,1119,9,7,620,1,21,0,0
1120,1121,30,1,621,1,0,0,0
1122,1123,-1,15,622,1,17,100,0
1124,1125,4,6,623,1,0,0,0
1126,1127,120,27,624,1,20,0,0
1128,1129,0,7,625,4,0,0,0
1130,1131,14,4,626,1,2,0,0
1132,1133,59,4,627,1,0,0,0
1134,1135,14,4,628,1,2,0,100
1136,1137,29,12,629,1,31,0,0
1138,1139,59,4,630,1,0,0,0
1140,1141,64,4,631,1,0,0,
1142,1143,23,15,632,1,0,0,0
1144,1145,187,14,633,1,0,0,0
1146,1147,188,4,634,1,10,0,16000
1148,1149,75,4,635,1,1,0,0
1150,1151,-1,84,636,1,0,0,0
1152,1153,189,35,637,1,32,0,0
1154,1155,9,85,638,1,118,0,0
1156,1157,190,1,639,1,0,0,0
1156,1157,21,1,639,1,0,0,0
1156,1157,21,1,639,1,0,0,0
1158,1159,59,4,640,1,0,0,0
1160,1161,59,4,641,1,0,0,0
1162,1163,-1,4,642,1,0,0,0
1164,1165,29,4,643,1,1,0,107000
1166,1167,10,6,644,1,0,0,0
1168,1169,4,12,645,1,21,53,0
1170,1171,-1,4,646,1,0,0,0
1170,1171,15,4,647,1,0,0,376
1170,1171,191,4,647,1,0,0,376
1172,1173,184,12,648,1,9,31,0
1174,1175,192,4,649,1,0,0,600
1174,1175,193,4,649,1,0,0,600
1176,1177,10,2,650,1,19,0,0
1178,1179,194,4,651,1,0,0,0
1180,1181,187,23,652,1,17,0,0
1180,1182,31,17,653,1,481,8000,0
1183,1184,39,15,654,1,7,40,500
1185,1186,6,6,655,1,0,0,0
1187,1188,9,16,656,1,1,186,0
1189,1190,195,15,657,1,0,0,0
1191,1192,59,4,658,1,0,0,0
1193,1194,196,27,659,1,37,0,0
1195,1196,14,28,660,1,0,0,0
1197,1198,19,4,661,1,0,0,0
1197,1198,18,4,661,1,0,0,0
1199,1200,21,14,662,232,0,0,0
1199,1200,24,14,662,232,0,0,0
1201,1202,6,13,663,1,7,0,0
1203,1204,197,5,664,1,3,6,2000
1205,1206,9,28,665,1,81,0,7472
1207,1208,10,4,666,1,0,0,0
1209,1210,59,4,667,1,0,0,0
1211,1212,198,2,668,1,39,88,0
1213,1214,-1,27,669,1,62,0,0
1215,1216,4,5,670,1,0,0,0
1217,1218,199,22,671,1,75,0,0
1219,1220,21,82,672,1,1,2,0
1217,1221,200,4,673,1,0,0,0
1222,1223,12,27,674,1,79,0,0
1224,1225,201,5,675,1,7,0,0
1226,1227,0,11,676,4,0,0,0
1228,1229,75,7,677,1,0,0,0
1226,1227,19,15,678,1,0,0,0
1230,1231,27,10,679,1,18,0,0
1232,1233,24,10,680,1,0,0,122
1232,1233,0,11,681,4,0,0,0
1234,1235,100,9,682,1,18,0,0
1236,1237,198,3,683,1,75,99,0
1238,1239,75,7,684,1,6,10,0
1240,1241,202,5,685,1,4,0,0
1242,1243,-1,28,686,4,33,0,0
1238,1239,26,13,687,1,5,9,0
1238,1239,75,13,687,1,5,9,0
1244,1245,77,2,688,1,11,0,0
1244,1245,4,86,689,1,0,0,0
1244,1245,0,11,690,4,0,0,0
1246,1247,18,6,691,1,0,0,0
1248,1249,84,4,692,1,5,0,0
1250,1251,10,21,693,1,0,0,0
1252,1253,29,4,694,1,0,0,0
1254,1255,60,4,695,1,0,0,0
1254,1255,24,4,695,1,0,0,0
1256,1257,158,30,696,1,1,0,0
1258,1259,203,5,697,1,3,0,0
1260,1261,27,6,698,1,0,0,0
1262,1263,0,11,699,4,0,0,0
1264,1265,-1,4,700,1,1,0,0
1266,1267,21,5,701,1,9,0,0
1268,1269,-1,87,702,1,0,0,100
1270,1271,0,11,703,4,0,0,0
1272,1273,10,28,704,1,0,0,0
1274,1275,-1,88,705,1,,,
1270,1271,58,4,706,1,0,0,0
1276,1277,24,11,707,1,0,0,0
1278,1279,4,27,708,1,101,0,0
1278,1279,204,27,708,1,101,0,0
1280,1281,10,16,709,1,5,0,0
1282,1283,3,28,710,1,7,0,0
1276,1277,0,11,711,4,0,0,0
1284,1285,-1,4,712,1,0,0,1800
1284,1285,-1,4,712,1,0,0,1800
1286,1287,205,27,713,1,118,0,0
1286,1287,21,27,713,1,118,0,0
1288,1289,21,5,714,1,4,0,236
1290,1291,10,28,715,1,0,0,0
1292,1293,24,11,716,1,0,0,0
1292,1293,21,11,716,1,0,0,0
1292,1293,0,11,717,4,0,0,0
1294,1291,-1,5,718,1,5,0,0
1295,1296,-1,7,719,4,23,8,0
1297,1298,206,89,720,1,0,0,0
1299,1300,-1,7,721,1,3,0,0
1301,1302,24,11,722,1,0,0,0
1301,1302,21,11,722,1,0,0,0
1301,1302,14,11,722,1,0,0,0
1301,1302,27,4,723,1,20,0,0
1303,1304,7,35,724,1,1,0,0
1305,1306,207,5,725,1,4,0,0
1307,1308,4,5,726,1,7,0,0
1309,1310,-1,13,727,1,26,22,0
1311,1312,27,59,728,1,28,50,0
1313,1314,-1,27,729,1,52,0,0
1315,1316,24,8,730,1,28,0,0
1315,1316,27,1,731,1,11,0,0
1315,1316,-1,11,732,1,0,0,0
1315,1316,58,11,733,1,0,0,0
1317,1318,9,27,734,1,64,0,0
1317,1318,208,27,734,1,64,0,0
1317,1318,29,7,735,1,0,0,0
1319,1320,29,4,736,1,0,0,0
1315,1316,0,9,737,1,9,57,0
1321,1322,209,4,738,1,5,0,0
1323,1324,0,11,739,4,0,0,0
1323,1324,14,6,740,1,0,0,0
1323,1324,154,27,741,1,33,0,0
1323,1324,-1,2,742,1,15,0,0
1325,1326,8,7,743,1,0,0,0
1325,1327,24,15,744,1,0,0,0
1325,1327,-1,15,744,1,0,0,0
1328,1329,10,6,745,1,0,0,0
1330,1331,0,11,746,4,0,0,0
1332,1333,4,5,747,1,4,0,0
1334,1335,210,6,748,1,0,0,0
1336,1337,59,90,749,1,0,0,0
1338,1339,24,4,750,1,0,0,0
1338,1339,59,4,750,1,0,0,0
1340,1341,-1,28,751,4,1,0,0
1342,1343,24,10,752,1,13,0,0
1344,1345,10,7,753,1,0,0,0
1346,1347,4,5,754,1,3,1,0
1342,1343,0,11,755,4,0,0,0
1342,1343,-1,4,756,1,0,0,0
1348,1349,29,4,757,1,0,0,0
1350,1351,121,4,758,1,1,0,0
1352,1353,26,4,759,1,0,0,0
1354,1355,7,6,760,1,0,0,0
1356,1357,21,10,761,1,38,30,0
1358,1359,27,7,762,1,15,0,0
1360,1361,-1,4,763,233,3,0,0
1362,1363,75,7,764,6,0,0,0
1364,1365,21,4,765,6,0,0,0
1366,1367,29,4,766,6,0,0,0
1368,1369,24,4,767,6,0,0,0
1370,1371,9,27,768,6,109,0,0
1372,1373,51,15,769,234,6,200,0
1372,1373,184,15,769,234,6,200,0
1372,1373,211,15,769,234,6,200,0
1372,1373,212,15,769,234,6,200,0
1374,1375,27,91,770,1,1,0,0
1376,1377,93,13,771,1,7,0,1
1378,1379,10,4,772,1,,,
1380,1381,27,7,773,1,0,0,0
1382,1383,27,4,774,6,0,0,0
1384,1385,21,4,775,6,0,0,0
1386,1387,-1,5,776,1,3,0,0
1386,1387,56,5,777,235,31,0,1500
1388,1389,213,15,778,6,2,11,100
1388,1389,172,15,778,6,2,11,100
1388,1389,214,15,778,6,2,11,100
1388,1389,-1,15,778,6,2,11,100
1390,1391,-1,6,779,6,0,0,0
1392,1393,30,28,780,236,0,0,0
1394,1395,158,30,781,6,0,0,0
1394,1395,11,30,781,6,0,0,0
1396,1397,215,28,782,6,0,0,0
1398,1399,-1,7,783,6,0,0,0
1400,1401,216,4,784,6,0,0,0
1402,1403,24,11,785,6,0,0,0
1404,1405,24,4,786,6,0,0,0
1406,1407,140,4,787,237,0,0,0
1408,1409,217,4,788,1,1,0,0
1410,1411,6,4,789,6,0,0,105
1410,1411,-1,4,789,6,0,0,105
1412,1413,27,83,790,1,37,50,0
1402,1403,0,11,791,4,0,0,0
1414,1415,91,7,792,6,12,43,0
1416,1417,218,5,793,6,4,0,0
1418,1419,18,6,794,6,0,0,0
1420,1421,-1,4,795,238,1,0,1600
1422,1423,26,6,796,239,0,0,0
1422,1423,58,6,796,239,0,0,0
1422,1423,10,6,796,239,0,0,0
1424,1425,0,11,797,4,0,0,0
1426,1427,26,23,798,240,0,0,0
1424,1425,18,4,799,241,0,0,1400
1424,1428,213,4,800,242,0,0,10000
1429,1428,14,4,801,243,0,0,0
1429,1428,6,4,801,243,0,0,0
1430,1431,14,4,802,244,0,0,0
1430,1431,19,4,802,244,0,0,0
1432,1433,77,15,803,6,9,30,0
1434,1435,-1,4,804,245,0,0,0
1436,1437,-1,4,805,6,0,0,0
1436,1437,-1,4,805,6,0,0,0
1438,1439,219,4,806,6,0,0,0
1440,1441,118,6,807,246,0,0,0
1442,1443,-1,27,808,4,32,2,0
1444,1445,141,6,809,6,0,0,0
1444,1445,220,6,809,6,0,0,0
1444,1445,14,6,809,6,0,0,0
1446,1447,11,6,810,26,14,0,0
1448,1449,18,4,811,247,0,0,0
1450,1451,-1,4,812,6,1,0,0
1452,1453,23,4,813,248,0,0,0
1454,1455,4,5,814,6,4,0,0
1456,1457,221,15,815,6,3,59,918
1458,1459,21,28,816,6,1,0,0
1460,1461,187,6,817,6,29,0,0
1462,1463,-1,7,818,6,1,10,0
1462,1463,222,7,818,6,1,10,0
1464,1465,6,2,819,6,0,0,0
1466,1467,26,4,820,6,2,0,0
1468,1469,14,43,821,249,0,0,0
1468,1469,10,43,822,250,0,0,0
1468,1469,10,43,822,250,0,0,0
1468,1469,223,43,822,250,0,0,0
1470,1471,141,10,823,6,20,0,0
1472,1473,48,7,824,6,0,0,0
1474,1475,18,4,825,251,0,0,0
1474,1476,21,4,826,252,0,0,0
1477,1478,217,4,827,6,0,0,0
1479,1480,-1,4,828,253,2,0,400
1481,1482,19,4,829,254,0,0,0
1483,1484,-1,6,830,6,0,0,0
1485,1486,224,27,831,6,43,4,0
1487,1488,225,6,832,249,0,0,0
1489,1490,14,28,833,6,0,0,0
1489,1490,21,28,833,6,0,0,0
1491,1492,26,10,834,6,21,0,0
1470,1471,226,4,835,6,0,0,0
1470,1471,6,4,835,6,0,0,0
1493,1494,9,4,836,6,0,0,0
1495,1496,60,4,837,6,0,0,0
1495,1496,24,4,837,6,0,0,0
1497,1498,227,22,838,6,0,4,2000
1470,1471,0,11,839,4,0,0,0
1499,1500,29,6,840,6,0,0,0
1501,1502,228,39,841,6,41,0,0
1503,1504,24,11,842,6,0,0,0
1505,1506,6,4,843,6,0,0,0
1505,1506,7,4,843,6,0,0,0
1507,1508,26,4,844,255,0,0,0
1509,1510,45,92,845,6,0,0,0
1511,1512,24,7,846,6,8,400,0
1513,1514,7,4,847,256,0,0,0
1515,1516,75,28,848,6,0,0,0
1517,1518,8,4,849,6,0,0,0
1517,1518,40,4,850,6,0,0,0
1517,1518,7,2,851,6,0,0,0
1517,1518,69,4,852,6,0,0,0
1519,1520,9,26,853,6,0,0,0
1521,1522,229,13,854,6,7,0,0
1523,1524,10,2,855,6,12,4,0
1525,1526,12,27,856,6,17,7,0
1527,1528,9,22,857,6,0,0,5000
1529,1530,24,4,858,6,0,0,0
1531,1532,54,4,859,257,0,0,0
1533,1534,4,4,860,258,0,0,10000
857,1535,24,4,861,6,0,0,0
1536,1537,-1,83,862,6,45,55,0
1538,1539,24,4,863,6,0,0,0
1540,1541,27,6,864,6,0,0,0
1542,1543,230,15,865,6,2,0,0
1536,1537,24,10,866,6,0,0,600
1536,1537,6,7,867,6,0,0,0
1544,1545,14,28,868,6,0,0,0
1546,1547,21,28,869,6,0,0,0
1548,1549,24,20,870,6,0,0,225000
1550,1551,-1,5,871,1,8,0,0
1550,1551,231,5,871,1,8,0,0
1550,1551,21,5,871,1,8,0,0
1552,1553,232,39,872,6,22,11,0
1554,1555,11,4,873,259,0,0,0
1556,1557,233,14,874,6,0,0,5000
1558,1559,27,4,875,6,0,0,160
1560,1561,24,10,876,260,21,35,0
1562,1563,4,7,877,6,3,0,0
1564,1565,59,4,878,6,0,0,0
1566,1567,4,93,879,261,0,0,3000
1568,1569,7,4,880,6,4,0,0
1568,1569,234,4,881,262,0,0,80
1568,1569,21,11,882,6,0,0,0
1568,1569,0,11,883,263,0,0,0
1570,1571,-1,4,884,264,0,0,0
1572,1573,229,13,885,6,3,0,0
1574,1575,21,22,886,6,0,0,800
1576,1577,-1,8,887,6,13,19,0
1578,1579,8,6,888,6,2,0,0
1580,1581,14,4,889,6,0,0,0
1580,1581,14,4,889,6,0,0,0
1582,1583,235,5,890,6,9,0,0
1584,1585,236,20,891,6,0,0,200
1584,1585,45,4,892,265,0,0,0
1586,1587,157,6,893,266,10,0,0
1588,1589,45,4,894,267,0,0,0
1590,1591,237,7,895,6,0,0,2000
1592,1593,6,2,896,6,2,0,0
1594,1595,31,26,897,6,0,0,0
1596,1597,-1,7,898,6,117,0,0
1598,1599,21,7,899,6,0,0,75
1598,1599,58,7,900,268,0,0,0
1600,1601,238,20,901,6,0,0,1200
1602,1603,239,4,902,6,0,0,300
1604,1605,4,35,903,6,0,0,0
1604,1605,11,35,903,6,0,0,0
1606,1607,21,15,904,6,5,26,0
1608,1609,9,35,905,6,0,10,0
1610,1611,6,4,906,6,0,0,0
1612,1613,82,94,907,6,0,0,0
1614,1615,75,29,908,6,0,1,24339
1616,1617,0,7,909,4,0,0,0
1610,1611,24,26,910,6,0,0,0
1610,1611,0,11,911,4,0,0,0
1618,1619,-1,4,912,6,0,0,0
1618,1619,-1,4,912,6,0,0,0
1620,1621,240,15,913,269,0,0,0
1622,1623,19,17,914,270,0,0,0
1624,1625,24,11,915,6,0,0,0
1626,1627,14,4,916,271,0,0,500
1626,1627,60,4,916,271,0,0,500
1626,1627,26,4,916,271,0,0,500
1628,1629,-1,27,917,6,23,18,0
1628,1629,117,27,917,6,23,18,0
1630,1631,23,6,918,6,0,0,0
1630,1631,7,6,918,6,0,0,0
1632,1633,97,4,919,1,,,
1634,1635,-1,4,920,6,0,0,160
1634,1635,27,4,920,6,0,0,160
1636,1637,23,6,921,272,0,0,0
1638,1639,7,23,922,273,0,0,0
1640,1641,10,43,923,6,0,0,0
1642,1643,21,4,924,274,0,0,0
1644,1645,26,4,925,6,0,0,0
1646,1647,0,11,926,4,0,0,0
1648,1649,21,26,927,6,0,0,0
1648,1649,109,18,928,6,0,0,200
1648,1649,18,4,929,6,0,0,0
1648,1649,82,15,930,6,0,0,0
1648,1649,6,15,930,6,0,0,0
1650,1651,76,4,931,6,1,0,0
1652,1653,-1,4,932,275,0,0,0
1654,1655,59,4,933,6,2,0,150
1656,1657,-1,4,934,6,1,0,0
1658,1659,6,7,935,276,0,0,0
1658,1659,14,7,935,276,0,0,0
1658,1659,19,7,935,276,0,0,0
1660,1661,19,6,936,277,0,0,0
1662,1663,75,95,937,278,0,0,0
1664,1665,24,23,938,279,0,0,0
1666,1667,12,96,939,6,3,13,0
1668,1669,-1,4,940,6,0,1,
1668,1669,-1,4,940,6,0,1,
1670,1671,24,15,941,6,1,43,0
1670,1671,21,15,941,6,1,43,0
1672,1673,210,15,942,6,0,30,0
1674,1675,27,35,943,6,3,45,0
1676,1677,6,7,944,6,0,0,0
1678,1679,241,29,945,6,0,0,200
1676,1680,242,4,946,280,1,0,300
1681,1682,-1,28,947,6,5,0,0
1683,1684,95,4,948,6,0,0,30
1685,1686,77,6,949,281,5,0,0
1687,1688,21,11,950,6,0,0,0
1689,1690,-1,35,951,6,329,0,0
1691,1692,24,18,952,6,0,0,1000
1693,1694,243,12,953,6,23,71,0
1695,1696,-1,4,954,6,0,0,0
1697,1698,-1,97,955,282,12,500,800
1699,1700,84,20,956,6,0,0,5000
1701,1702,24,7,957,6,0,0,0
1701,1702,-1,7,957,6,0,0,0
1703,1704,-1,14,958,6,0,0,0
1705,1706,24,4,959,6,0,0,0
1705,1706,-1,4,959,6,0,0,0
1707,1708,154,27,960,6,256,0,0
1709,1710,125,4,961,6,0,0,0
1711,1712,113,5,962,6,0,0,0
1713,1714,24,23,963,1,0,0,0
1713,1714,21,23,963,1,0,0,0
1711,1712,0,11,964,4,0,0,0
1715,1716,21,4,965,6,0,0,750
1717,1718,-1,98,966,6,0,0,800
1719,1720,-1,8,967,6,34,0,0
1721,1722,4,13,968,6,7,0,0
1723,903,100,99,969,4,455,,
1723,903,4,99,969,4,455,,
1724,1725,19,100,970,283,0,0,2543
1724,1725,19,100,970,283,0,0,2543
1724,1725,4,100,970,283,0,0,2543
1726,1727,-1,101,971,4,,,203
1728,1729,6,98,972,284,,,12055
1730,1731,100,102,973,4,0,144,0
1732,1733,21,100,974,285,0,0,1651
1734,1735,18,98,975,4,0,0,440
1736,1737,19,100,976,4,0,0,2937
1736,1738,18,98,977,4,0,0,1137
1739,1740,244,100,978,4,0,0,3623
1741,1742,178,100,979,4,0,0,383
1741,1742,-1,100,979,4,0,0,383
1743,1744,8,100,980,4,0,0,141
1745,995,245,100,981,4,,,360
1745,995,10,100,981,4,,,360
1746,1747,10,103,982,4,1,,
1748,1749,14,104,983,1,,,
1748,1749,225,104,983,1,,,
1750,1751,58,105,984,4,,,
927,928,10,71,985,4,,,
1752,1753,-1,98,986,4,,,423
1754,1755,89,106,987,4,0,0,3300
1756,1757,6,107,988,4,0,0,156
1756,1757,246,107,988,4,0,0,156
1756,1757,6,107,988,4,0,0,156
1756,1757,6,107,988,4,0,0,156
1756,1757,69,107,988,4,0,0,156
1758,1759,247,108,989,4,12,3,0
1760,1761,248,109,990,4,1,37,
1762,1763,4,100,991,4,,,175
1762,1763,4,100,991,4,,,175
1764,1765,249,100,992,4,,,900
1764,1765,-1,100,992,4,,,900
1766,1767,21,110,993,286,2,,350
1766,1767,14,110,993,286,2,,350
1766,1767,10,110,993,286,2,,350
1766,1767,-1,110,993,286,2,,350
1766,1767,26,110,993,286,2,,350
1766,1767,21,110,993,286,2,,350
1768,1769,179,100,994,287,,,500
1770,1771,24,100,995,4,,,269
1770,1771,-1,100,995,4,,,269
1772,1773,59,111,996,288,0,4,0
1774,1775,6,98,997,4,0,0,300
1776,1777,250,112,998,1,,,
1778,1779,208,113,999,4,1,,
1780,1781,26,98,1000,4,,,1100
1782,1783,19,98,1001,4,,,300
1780,1784,251,100,1002,289,,,350
1785,1786,252,98,1003,4,0,0,1550
1787,1788,78,98,1004,4,0,0,300
1789,1790,253,114,1005,4,0,0,0
1791,1792,12,115,1006,4,13,180,0
1793,1794,9,116,1007,290,0,0,0
1795,1796,254,117,1008,1,,,
1797,56,54,100,1009,291,0,0,137
1797,56,45,100,1009,291,0,0,137
1797,56,4,100,1009,291,0,0,137
1798,1799,-1,100,1010,4,0,0,150
1800,1801,8,100,1011,292,4,0,100000
1802,1803,84,98,1012,4,0,0,1000
1804,1805,8,118,1013,293,0,0,0
1806,1807,-1,117,1014,4,0,0,120
1808,1781,255,98,1015,4,0,0,1000
1808,1781,26,98,1015,4,0,0,1000
1809,1810,19,98,1016,4,0,0,1428
1809,1810,19,98,1016,4,0,0,1428
1811,1812,40,98,1017,4,0,0,3000
1811,1812,256,98,1017,4,0,0,3000
1770,1771,24,100,1018,294,0,0,269
1770,1771,24,100,1018,294,0,0,269
1791,1813,-1,98,1019,4,0,0,637
1814,1815,4,98,1020,295,0,0,4500
1816,1817,45,98,1021,296,0,0,60
1800,1818,4,119,1022,297,0,0,200
1819,1820,186,117,1023,4,3,45,0
1821,1822,4,120,1024,4,0,0,0
1823,1824,0,121,1025,4,2,0,0
1825,1826,21,122,1026,4,32,15,0
1827,1828,14,100,1027,298,0,0,1473
1829,1830,257,123,1028,4,2,1,0
1831,1832,21,124,1029,4,6,,0
1831,1833,59,125,1030,1,,,
1834,1835,31,125,1031,299,35,1000,600000
1836,1837,18,100,1032,1,,,
1838,1839,21,126,1033,300,0,0,90
1838,1839,14,126,1033,300,0,0,90
1838,1839,10,126,1033,300,0,0,90
1838,1839,58,126,1033,300,0,0,90
1840,1841,24,127,1034,4,0,0,0
1840,1841,21,127,1034,4,0,0,0
1840,1841,14,127,1034,4,0,0,0
1842,1843,21,100,1035,301,0,0,1000
1844,1845,19,100,1036,1,,,
1844,1846,178,100,1037,302,0,0,500
1847,1848,8,100,1038,1,,,
1849,1850,18,98,1039,303,,,13000
1851,1852,59,128,1040,4,,6,
1853,1854,24,100,1041,4,,,1333
1853,1854,-1,100,1041,4,,,1333
1855,1856,24,117,1042,4,,,
1855,1856,-1,117,1042,4,,,
1857,1858,59,64,1043,4,,,
1859,1860,10,108,1044,4,,25,138
1861,1862,258,129,1045,304,2,,450
1863,1864,-1,130,1046,4,,,21
1865,1866,259,131,1047,4,,,
1867,1868,179,100,1048,4,,,300
1869,1870,19,132,1049,4,,,
1871,1872,4,133,1050,305,1,,3432
1873,1874,134,134,1051,4,,1,
1875,1876,100,135,1052,4,,,
1877,1878,0,136,1053,4,,,
1879,1880,6,119,1054,4,,,
1879,1880,18,119,1054,4,,,
1881,1882,8,137,1055,4,,,
1883,1880,260,135,1056,4,,,
1884,1885,6,138,1057,4,,,
1886,1887,77,100,1058,4,,,
1886,1887,261,100,1058,4,,,
1888,1889,10,139,1059,4,,,
1888,1889,58,139,1059,4,,,
1890,1891,262,140,1060,4,,,
1892,1893,6,115,1061,306,,,
1892,1893,18,115,1061,306,,,
1894,1895,6,135,1062,4,,,
1896,1897,-1,100,1063,4,,,576
1898,1899,24,141,1064,4,,,200
1898,1899,21,141,1064,4,,,200
1898,1899,14,141,1064,4,,,200
1898,1899,10,141,1064,4,,,200
1898,1899,58,141,1064,4,,,200
1898,1899,26,141,1064,4,,,200
1900,1901,59,142,1065,4,,,
1902,1903,59,143,1066,4,,,
1904,1905,24,122,1067,4,9,,
1906,1905,263,144,1068,4,,,
1907,1908,96,100,1069,4,,,
1909,1910,-1,100,1070,4,,,1207
1911,1912,10,145,1071,307,,,
1911,1912,58,145,1071,307,,,
1911,1912,26,145,1071,307,,,
1913,1914,10,146,1072,4,,,
1915,1916,19,98,1073,4,,,2070
1915,1916,-1,98,1073,4,,,2070
1917,1918,-1,147,1074,4,,,600
1919,1920,29,135,1075,4,,,200
1921,1922,264,98,1076,4,,,468
1923,1924,4,98,1077,4,,,
1925,1926,265,148,1078,4,1,,
1925,1926,134,148,1078,4,1,,
1927,1928,265,149,1079,4,,,
1927,1928,134,149,1079,4,,,
1929,1930,265,150,1080,4,1,,
1929,1930,134,150,1080,4,1,,
1931,1912,-1,135,1081,4,,,
1932,1933,-1,151,1082,308,,,60
1934,1935,6,119,1083,4,,,
1934,1935,18,119,1083,4,,,
1934,1935,19,119,1083,4,,,
1934,1935,24,119,1083,4,,,
1936,1918,0,119,1084,4,,,
1902,1937,0,119,1085,4,,,
1938,1939,0,119,1086,4,,,
1940,1941,6,119,1087,4,,,
1940,1941,18,119,1087,4,,,
1942,1943,-1,98,1088,4,,2,164
1944,1945,226,100,1089,4,,,
1946,1947,226,98,1090,309,2,,90000
